feature,area,priority,reference_evidence,our_product,status,notes
Índice reduzido de módulos,orientação,must,"Atlas público organiza modelos por famílias e filtros","Índice autoral dos cinco modelos do protótipo","protótipo","Não copiar categorias, rótulos ou aparência da referência; lista final ainda depende de validação."
Roteiro em camadas por módulo,pedagogia,must,"Seções recorrentes de intuição, laboratório, matemática, perspectivas e prática","Pergunta → hipótese → experimento → resultado → fórmula → explicação","protótipo","A sequência própria ainda requer validação didática."
Experimento de regressão visual,interação,must,"Módulo público de regressão mostra dados, reta, resíduos e erro","Experimento autoral que liga dados sintéticos da mola a reta manual resíduos e MSE","protótipo","Modelo não está aprovado como escopo final."
Experimento de regressão logística,interação,should,"Módulo público apresenta sigmoide probabilidade e decisão","Sigmoide didática com entrada ponto central inclinação e limiar de 50%","protótipo","Não simula ajuste dos parâmetros por treinamento."
Interação de classificação visual,interação,should,"Módulo público k-NN mostra vizinhança distância e regiões de decisão","Votação com k e posição do ponto novo em dados locais próprios","protótipo","Não reutilizar conjuntos de dados textos ou layout."
Experimento de árvore de decisão,interação,should,"Módulo público mostra cortes regiões e árvore aprendida","Árvore fixa autoral com duas perguntas e caminho destacado","protótipo","Mostra regras; não finge que houve treinamento."
Interação de agrupamento visual,interação,should,"Módulo público k-means mostra centróides, atribuição e iterações","Atribuição e atualização de centróides em etapas com k igual a 2 ou 3","protótipo","Modelo não está aprovado como escopo final."
Relação controle-consequência,feedback,must,"Parâmetros atualizam gráfico, métrica ou observação","Cada controle atualiza gráfico e explicação textual","protótipo","Ainda requer teste de compreensão com estudantes."
Matemática progressiva,conteúdo,must,"Fórmulas são relacionadas a gráficos e resultados","Intuição, símbolos, fórmula e interpretação em camadas","proposto","Usar português brasileiro e adequação ao Ensino Médio."
Atividade de previsão,aprendizagem,must,"Seção pública de prática e observações do laboratório","Campo de hipótese antes dos controles e reflexão depois","protótipo","Resposta não é persistida ou avaliada automaticamente."
Glossário contextual,apoio,should,"Glossário público alfabético com ligações a modelos","Definições breves acionadas no contexto do módulo","proposto","Excluir jargão sem função didática imediata."
Alternativas acessíveis,acessibilidade,must,"Controles nomeados e legendas textuais observáveis; equivalência completa não verificada","Teclado, contraste, texto alternativo e explicação não visual dos gráficos","proposto","Requisito próprio; não inferir conformidade da referência."
Vista 3D opcional,visualização,could,"Alguns módulos públicos oferecem rotação e zoom em 3D","Somente se demonstrar ganho pedagógico e possuir alternativa 2D/textual","fora_do_escopo_inicial","Complexidade e acessibilidade elevadas."
Métricas avançadas,conteúdo,could,"R², RMSE, WSS, curva de cotovelo e outras métricas aparecem em módulos públicos","Selecionar no máximo métricas indispensáveis e explicadas","em_análise","Não apresentar número sem significado interpretável."
Paridade visual com referência,governança,must,"Replica-diff oferece comparação estrutural de capturas","Não usar; avaliar cobertura dos objetivos pedagógicos próprios","excluído","Reduz risco de cópia e de desvio pedagógico."
Arquitetura SaaS,tecnologia,must,"Replica-architect inclui stack banco API e fluxos genéricos","Não incluir na versão simplificada","excluído","Reutiliza a decisão existente para o piloto; sem backend ou banco."
